variant,variant_label,stories_total,mean_vtc,mean_action,mean_scene,mean_object_class,mean_color,mean_subject_consistency,mean_background_consistency,mean_motion_smoothness,mean_temporal_flickering,mean_generation_min,mean_prompt_eval_min,mean_continuity_eval_min
simple_t2v,Simple T2V,4,3.5,1.75,1.0,2.0,2.0,0.7695567434499316,0.9134617917569846,0.9866354027387747,0.9831656287698185,66.14,8.180083110695705,1.1077891543255343
core_t2v,Core T2V,4,1.75,2.25,2.25,2.75,2.25,0.7692787924701588,0.9191326516212066,0.9840361700514361,0.9801406103021959,150.05,14.15781811621855,1.0526139171308992
agentic_t2v,Agentic T2V,4,3.0,2.0,1.25,2.25,2.25,0.6816355790261015,0.8594579678280045,0.9851968060158619,0.9797604715122896,235.74,44.76369949898799,0.9947018630278762
core_i2v,Core I2V,4,2.75,2.0,1.75,2.5,2.75,0.642981284074593,0.7915034358441715,0.9723659104630497,0.9628677709429871,89.42,19.2553792676122,1.0970970787709424
agentic_i2v,Agentic I2V,4,3.25,3.0,1.25,2.25,2.0,0.6296446275357193,0.7755948987310333,0.9651292382840019,0.9490224384794048,234.39,35.15081503069378,1.0674162837768866
